"sku","name","price","description","Maker1","Maker2","Maker3","Maker4","base_image","Blade Length","Overall Length","Weight","Source","Blade_Material","Blade_Details","Handle_Material","Other_Details"
"139306","Pass!! Data is same.","Pass!! Data is same.","Error!! Data not matched.","Pass!! Data is same.","Data field is empty.","Data field is empty.","Data field is empty.","Pass!! Data is same.","Pass!! Data is same.","Pass!! Data is same.","Pass!! Data is same.","Pass!! Data is same.","Pass!! Data is same.","Pass!! Data is same.","Pass!! Data is same.","Pass!! Data is same."
"139307","Product not present in provided url","Product not present in provided url","Product not present in provided url","Product not present in provided url","Product not present in provided url","Product not present in provided url","Product not present in provided url","Product not present in provided url","Product not present in provided url","Product not present in provided url","Product not present in provided url","Product not present in provided url","Product not present in provided url","Product not present in provided url","Product not present in provided url","Product not present in provided url"
"139308","Product not present in provided url","Product not present in provided url","Product not present in provided url","Product not present in provided url","Product not present in provided url","Product not present in provided url","Product not present in provided url","Product not present in provided url","Product not present in provided url","Product not present in provided url","Product not present in provided url","Product not present in provided url","Product not present in provided url","Product not present in provided url","Product not present in provided url","Product not present in provided url"
"13931","Product not present in provided url","Product not present in provided url","Product not present in provided url","Product not present in provided url","Product not present in provided url","Product not present in provided url","Product not present in provided url","Product not present in provided url","Product not present in provided url","Product not present in provided url","Product not present in provided url","Product not present in provided url","Product not present in provided url","Product not present in provided url","Product not present in provided url","Product not present in provided url"
"139310","Product not present in provided url","Product not present in provided url","Product not present in provided url","Product not present in provided url","Product not present in provided url","Product not present in provided url","Product not present in provided url","Product not present in provided url","Product not present in provided url","Product not present in provided url","Product not present in provided url","Product not present in provided url","Product not present in provided url","Product not present in provided url","Product not present in provided url","Product not present in provided url"
"148846","Product not present in provided url","Product not present in provided url","Product not present in provided url","Product not present in provided url","Product not present in provided url","Product not present in provided url","Product not present in provided url","Product not present in provided url","Product not present in provided url","Product not present in provided url","Product not present in provided url","Product not present in provided url","Product not present in provided url","Product not present in provided url","Product not present in provided url","Product not present in provided url"
"148847","Product not present in provided url","Product not present in provided url","Product not present in provided url","Product not present in provided url","Product not present in provided url","Product not present in provided url","Product not present in provided url","Product not present in provided url","Product not present in provided url","Product not present in provided url","Product not present in provided url","Product not present in provided url","Product not present in provided url","Product not present in provided url","Product not present in provided url","Product not present in provided url"
"148848","Product not present in provided url","Product not present in provided url","Product not present in provided url","Product not present in provided url","Product not present in provided url","Product not present in provided url","Product not present in provided url","Product not present in provided url","Product not present in provided url","Product not present in provided url","Product not present in provided url","Product not present in provided url","Product not present in provided url","Product not present in provided url","Product not present in provided url","Product not present in provided url"
"148849","Product not present in provided url","Product not present in provided url","Product not present in provided url","Product not present in provided url","Product not present in provided url","Product not present in provided url","Product not present in provided url","Product not present in provided url","Product not present in provided url","Product not present in provided url","Product not present in provided url","Product not present in provided url","Product not present in provided url","Product not present in provided url","Product not present in provided url","Product not present in provided url"
"14885","Product not present in provided url","Product not present in provided url","Product not present in provided url","Product not present in provided url","Product not present in provided url","Product not present in provided url","Product not present in provided url","Product not present in provided url","Product not present in provided url","Product not present in provided url","Product not present in provided url","Product not present in provided url","Product not present in provided url","Product not present in provided url","Product not present in provided url","Product not present in provided url"
"148850","Product not present in provided url","Product not present in provided url","Product not present in provided url","Product not present in provided url","Product not present in provided url","Product not present in provided url","Product not present in provided url","Product not present in provided url","Product not present in provided url","Product not present in provided url","Product not present in provided url","Product not present in provided url","Product not present in provided url","Product not present in provided url","Product not present in provided url","Product not present in provided url"
"148851","Product not present in provided url","Product not present in provided url","Product not present in provided url","Product not present in provided url","Product not present in provided url","Product not present in provided url","Product not present in provided url","Product not present in provided url","Product not present in provided url","Product not present in provided url","Product not present in provided url","Product not present in provided url","Product not present in provided url","Product not present in provided url","Product not present in provided url","Product not present in provided url"
"148852","Product not present in provided url","Product not present in provided url","Product not present in provided url","Product not present in provided url","Product not present in provided url","Product not present in provided url","Product not present in provided url","Product not present in provided url","Product not present in provided url","Product not present in provided url","Product not present in provided url","Product not present in provided url","Product not present in provided url","Product not present in provided url","Product not present in provided url","Product not present in provided url"
"148853","Product not present in provided url","Product not present in provided url","Product not present in provided url","Product not present in provided url","Product not present in provided url","Product not present in provided url","Product not present in provided url","Product not present in provided url","Product not present in provided url","Product not present in provided url","Product not present in provided url","Product not present in provided url","Product not present in provided url","Product not present in provided url","Product not present in provided url","Product not present in provided url"
"148854","Product not present in provided url","Product not present in provided url","Product not present in provided url","Product not present in provided url","Product not present in provided url","Product not present in provided url","Product not present in provided url","Product not present in provided url","Product not present in provided url","Product not present in provided url","Product not present in provided url","Product not present in provided url","Product not present in provided url","Product not present in provided url","Product not present in provided url","Product not present in provided url"
"148855","Product not present in provided url","Product not present in provided url","Product not present in provided url","Product not present in provided url","Product not present in provided url","Product not present in provided url","Product not present in provided url","Product not present in provided url","Product not present in provided url","Product not present in provided url","Product not present in provided url","Product not present in provided url","Product not present in provided url","Product not present in provided url","Product not present in provided url","Product not present in provided url"
"148856","Product not present in provided url","Product not present in provided url","Product not present in provided url","Product not present in provided url","Product not present in provided url","Product not present in provided url","Product not present in provided url","Product not present in provided url","Product not present in provided url","Product not present in provided url","Product not present in provided url","Product not present in provided url","Product not present in provided url","Product not present in provided url","Product not present in provided url","Product not present in provided url"
"148857","Product not present in provided url","Product not present in provided url","Product not present in provided url","Product not present in provided url","Product not present in provided url","Product not present in provided url","Product not present in provided url","Product not present in provided url","Product not present in provided url","Product not present in provided url","Product not present in provided url","Product not present in provided url","Product not present in provided url","Product not present in provided url","Product not present in provided url","Product not present in provided url"
"148858","Product not present in provided url","Product not present in provided url","Product not present in provided url","Product not present in provided url","Product not present in provided url","Product not present in provided url","Product not present in provided url","Product not present in provided url","Product not present in provided url","Product not present in provided url","Product not present in provided url","Product not present in provided url","Product not present in provided url","Product not present in provided url","Product not present in provided url","Product not present in provided url"
"148859","Product not present in provided url","Product not present in provided url","Product not present in provided url","Product not present in provided url","Product not present in provided url","Product not present in provided url","Product not present in provided url","Product not present in provided url","Product not present in provided url","Product not present in provided url","Product not present in provided url","Product not present in provided url","Product not present in provided url","Product not present in provided url","Product not present in provided url","Product not present in provided url"
"14886","Product not present in provided url","Product not present in provided url","Product not present in provided url","Product not present in provided url","Product not present in provided url","Product not present in provided url","Product not present in provided url","Product not present in provided url","Product not present in provided url","Product not present in provided url","Product not present in provided url","Product not present in provided url","Product not present in provided url","Product not present in provided url","Product not present in provided url","Product not present in provided url"
