sku,urls
139306,http://arizonacustomknives.com.c.fohwqaw34hdgi.ent.magento.cloud/index.php/damascus-and-black-lip-pearl-folder-by-kenneth-king-139306.html
139307,http://arizonacustomknives.com.c.fohwqaw34hdgi.ent.magento.cloud/index.php/safe-to-carry-stc-139307.html
139308,http://arizonacustomknives.com.c.fohwqaw34hdgi.ent.magento.cloud/index.php/mini-rung-sat-proto-by-rob-dalton-139308.html
13931,http://arizonacustomknives.com.c.fohwqaw34hdgi.ent.magento.cloud/index.php/Mini-Socom-Elite-Auto-Black-Tactical-Plain-4-2-by-Microtech-Knives.html
139310,http://arizonacustomknives.com.c.fohwqaw34hdgi.ent.magento.cloud/index.php/warcom-left-handed-007.html
148846,http://arizonacustomknives.com.c.fohwqaw34hdgi.ent.magento.cloud/index.php/large-accentor-flipper-by-chuck-gedraitis-148846.html
148847,http://arizonacustomknives.com.c.fohwqaw34hdgi.ent.magento.cloud/index.php/custom-cqc-10-by-emerson-knives-148847.html
148848,http://arizonacustomknives.com.c.fohwqaw34hdgi.ent.magento.cloud/index.php/custom-cqc-13-by-emerson-knives-148848.html
148849,http://arizonacustomknives.com.c.fohwqaw34hdgi.ent.magento.cloud/index.php/custom-cqc-5-by-emerson-knives-148849.html
14885,http://arizonacustomknives.com.c.fohwqaw34hdgi.ent.magento.cloud/index.php/Jumbo-Baake-D-A-by-Nate-Clark-14885.html
148850,http://arizonacustomknives.com.c.fohwqaw34hdgi.ent.magento.cloud/index.php/full-contact-fighter-rematch-by-greg-lightfoot-148850.html
148851,http://arizonacustomknives.com.c.fohwqaw34hdgi.ent.magento.cloud/index.php/groundfighter-timascus-by-greg-lightfoot-148851.html
148852,http://arizonacustomknives.com.c.fohwqaw34hdgi.ent.magento.cloud/index.php/orion-by-kirby-lambert-148852.html
148853,http://arizonacustomknives.com.c.fohwqaw34hdgi.ent.magento.cloud/index.php/wharncliffe-llf-by-brad-zinker-148853.html
148854,http://arizonacustomknives.com.c.fohwqaw34hdgi.ent.magento.cloud/index.php/wharncliffe-llf-by-brad-zinker-148854.html
148855,http://arizonacustomknives.com.c.fohwqaw34hdgi.ent.magento.cloud/index.php/custom-eklipse-by-rick-hinderer-148855.html
148856,http://arizonacustomknives.com.c.fohwqaw34hdgi.ent.magento.cloud/index.php/t-llf-by-brad-zinker-148856.html
148857,http://arizonacustomknives.com.c.fohwqaw34hdgi.ent.magento.cloud/index.php/mini-tanto-stag-flipper-llf-by-brad-zinker-148857.html
148858,http://arizonacustomknives.com.c.fohwqaw34hdgi.ent.magento.cloud/index.php/wharncliffe-flf-by-brad-zinker-148858.html
148859,http://arizonacustomknives.com.c.fohwqaw34hdgi.ent.magento.cloud/index.php/brend-auto-1-pre-production-prototype-77-of-100-by-pro-tech-knives-148859.html
14886,http://arizonacustomknives.com.c.fohwqaw34hdgi.ent.magento.cloud/index.php/Jumbo-Gent-Jewel-D-A-by-Nate-Clark.html
139306,http://arizonacustomknives.com.c.fohwqaw34hdgi.ent.magento.cloud/index.php/damascus-and-black-lip-pearl-folder-by-kenneth-king-139306.html
139307,http://arizonacustomknives.com.c.fohwqaw34hdgi.ent.magento.cloud/index.php/safe-to-carry-stc-139307.html
139308,http://arizonacustomknives.com.c.fohwqaw34hdgi.ent.magento.cloud/index.php/mini-rung-sat-proto-by-rob-dalton-139308.html
13931,http://arizonacustomknives.com.c.fohwqaw34hdgi.ent.magento.cloud/index.php/Mini-Socom-Elite-Auto-Black-Tactical-Plain-4-2-by-Microtech-Knives.html
139310,http://arizonacustomknives.com.c.fohwqaw34hdgi.ent.magento.cloud/index.php/warcom-left-handed-007.html
